id,firstName,lastName,age,email,phoneNumber,noteGenerale
1,John,Doe,22,john.doe@example.com,123456789,15.5
2,Jane,Smith,21,jane.smith@example.com,987654321,14.0
3,Ali,Benchekroun,23,ali.benchekroun@example.com,0654321876,13.2
4,Sofia,Mejri,22,sofia.mejri@example.com,0612345678,13.8
5,Karim,El Amrani,24,karim.elamrani@example.com,0678901234,12.5
6,Linda,Boukhari,21,linda.boukhari@example.com,0609876543,14.7
7,Omar,Chakib,23,omar.chakib@example.com,0665432109,12.9
8,Fatima,Zaidi,22,fatima.zaidi@example.com,0623456789,18.3
9,Hassan,Rahmouni,24,hassan.rahmouni@example.com,0656789012,15.0
10,Yasmine,El Ghazi,21,yasmine.elghazi@example.com,0689012345,13.9
11,Mehdi,Benjelloun,23,mehdi.benjelloun@example.com,0611223344,14.5
12,Sara,El Mansouri,22,sara.elmansouri@example.com,0622334455,17.0
13,Rachid,Kabbaj,24,rachid.kabbaj@example.com,0633445566,12.7
14,Layla,Oukili,21,layla.oukili@example.com,0644556677,16.1
15,Ismail,Ferhat,23,ismail.ferhat@example.com,0655667788,15.3
16,Hind,Belkhayat,22,hind.belkhayat@example.com,0666778899,13.6
17,Mohamed,Skalli,24,mohamed.skalli@example.com,0677889900,17.8
18,Nadia,Tazi,21,nadia.tazi@example.com,0688990011,14.9
19,Khalid,Benzakour,23,khalid.benzakour@example.com,0699001122,12.1
20,Zineb,Moutawakil,22,zineb.moutawakil@example.com,0600112233,16.4
21,Ahmed,Bouhssine,25,ahmed.bouhssine@example.com,0611223344,13.2
22,Meryem,El Fassi,22,meryem.elfassi@example.com,0622334455,17.1
23,Younes,Amrani,24,younes.amrani@example.com,0633445566,14.3
24,Soukaina,Rhani,23,soukaina.rhani@example.com,0644556677,15.6
25,Samir,Belhaj,22,samir.belhaj@example.com,0655667788,12.8
26,Rania,Chafik,21,rania.chafik@example.com,0666778899,16.9
27,Tarik,Maalmi,24,tarik.maalmi@example.com,0677889900,14.2
28,Ikram,Bourouh,23,ikram.bourouh@example.com,0688990011,15.5
29,Abdelhak,El Idrissi,22,abdelhak.elidrissi@example.com,0699001122,13.0
30,Fadoua,Khattabi,21,fadoua.khattabi@example.com,0600112233,17.3
31,Othman,Saidi,24,othman.saidi@example.com,0611223344,15.4
32,Hajar,El Kadi,23,hajar.elkadi@example.com,0622334455,14.7
33,Amine,Zaouali,22,amine.zaouali@example.com,0633445566,13.5
34,Lamia,Benali,21,lamia.benali@example.com,0644556677,16.2
35,Anas,Kettani,23,anas.kettani@example.com,0655667788,12.9
36,Mouna,Berrada,24,mouna.berrada@example.com,0666778899,18.1
37,Salim,Hamdi,21,salim.hamdi@example.com,0677889900,14.5
38,Fatima,Zahra,22,fatima.belhaj@example.com,0688990011,15.8
39,Yassine,Berrabah,24,yassine.berrabah@example.com,0699001122,13.3
40,Kenza,El Ghazi,23,kenza.elghazi@example.com,0600112233,16.7
41,Hicham,Derouich,22,hicham.derouich@example.com,0611223344,14.6
42,Leila,Amrani,21,leila.amrani@example.com,0622334455,13.9
43,Omar,Benali,24,omar.benali@example.com,0633445566,15.2
44,Salwa,Kadiri,23,salwa.kadiri@example.com,0644556677,12.4
45,Karim,El Fadili,22,karim.elfadili@example.com,0655667788,17.5
46,Rachida,Bennani,21,rachida.bennani@example.com,0666778899,14.1
47,Samy,Lamrani,23,samy.lamrani@example.com,0677889900,15.7
48,Zahra,Boutaleb,24,zahra.boutaleb@example.com,0688990011,13.4
49,Abdelkrim,Fadili,22,abdelkrim.fadili@example.com,0699001122,16.8
50,Nadia,El Malki,21,nadia.elmalki@example.com,0600112233,14.9
51,Ismail,Ouazzani,23,ismail.ouazzani@example.com,0611223344,13.7
52,Imane,El Hamdi,22,imane.elhamdi@example.com,0622334455,15.3
53,Jawad,Kabbaj,24,jawad.kabbaj@example.com,0633445566,12.6
54,Houda,Touhami,23,houda.touhami@example.com,0644556677,16.0
55,Reda,El Youssfi,22,reda.elyoussfi@example.com,0655667788,14.3
56,Asmaa,Radi,21,asmaa.radi@example.com,0666778899,12.5
57,Adil,Benmoussa,24,adil.benmoussa@example.com,0677889900,17.9
58,Hafsa,Maroufi,23,hafsa.maroufi@example.com,0688990011,14.4
59,Said,El Khatib,22,said.elkhatib@example.com,0699001122,13.8
60,Yasmine,Toumi,21,yasmine.toumi@example.com,0600112233,16.6
